Source,Target,Regulation
abrB,senS,-1
abrB,liaR,-1
abrB,liaS,-1
abrB,liaF,-1
abrB,liaG,-1
abrB,liaH,-1
abrB,liaI,-1
abrB,racX,-1
abrB,ftsA,-1
abrB,ftsZ,-1
abrB,citB,1
abrB,kinB,-1
abrB,hutU,1
abrB,hutP,1
abrB,hutM,1
abrB,hutI,1
abrB,hutH,1
abrB,hutG,1
abrB,yvlD,-1
abrB,yvlA,-1
abrB,yvlC,-1
abrB,yvlB,-1
abrB,dppA,-1
abrB,dppB,-1
abrB,dppC,-1
abrB,dppD,-1
abrB,dppE,-1
abrB,pbpE,-1
abrB,kapB,-1
gltR,gltA,1
gltR,gltB,1
ccpB,gntK,-1
ccpB,xylB,-1
ccpB,gntZ,-1
ccpB,xylA,-1
ccpB,gntR,-1
ccpB,gntP,-1
ccpA,alsS,1
ccpA,alsD,1
fadR,etfA,-1
fadR,fadR,-1
fadR,etfB,-1
fadR,fadE,-1
fadR,acdA,-1
fadR,fadB,-1
fadR,fadA,-1
fadR,fadG,-1
fadR,fadF,-1
fadR,rpoE,-1
fadR,lcfB,-1
fadR,fadH,-1
fadR,fadN,-1
pucR,pucB,-1
pucR,pucD,-1
pucR,pucA,-1
pucR,pucC,-1
pucR,pucE,-1
treR,treR,-1
treR,treA,-1
treR,treP,-1
tenI,tenI,-1
tenI,thiS,-1
tenI,tenA,-1
tenI,thiO,-1
tenI,thiG,-1
tenI,thiF,-1
tenI,thiD,-1
ytrA,ytrA,-1
ytrA,ytrE,-1
ytrA,ytrC,-1
ytrA,ytrB,-1
ytrA,ytrD,-1
ytrA,ytrF,-1
comA,degQ,1
comA,pel,1
comA,phrC,1
comA,rapC,1
comA,rapA,1
comA,rapF,1
comA,phrA,1
comA,phrF,1
comA,srfAA,1
comA,srfAC,1
comA,srfAB,1
comA,srfAD,1
comA,comS,1
dctR,dctA,1
yvrH,wprA,1
yvrH,yvrH,1
yvrH,bdbA,1
yvrH,bdbB,1
yvrH,lytA,-1
yvrH,sunT,1
yvrH,lytB,-1
yvrH,wapA,1
yvrH,lytC,-1
yvrH,rsiX,1
yvrH,sigX,1
yvrH,wapI,1
yvrH,sigO,1
yvrH,sunA,1
yvrH,sunS,1
deoR,nupC,-1
deoR,pdp,-1
deoR,deoC,-1
hupA,hupA,-1
glnK,glsA1,1
glnK,glnT,1
glnR,ureB,-1
glnR,ureC,-1
glnR,ureA,-1
glnR,nasB,-1
glnR,nasC,-1
glnR,nasA,-1
glnR,nasF,-1
glnR,nasD,-1
glnR,nasE,-1
glnR,glnR,-1
glnR,glnA,-1
xre,xkdC,-1
xre,xkdB,-1
xre,xkdD,-1
xre,xre,-1
xre,xtrA,-1
ccpN,gapB,-1
ccpN,speH,-1
ccpN,pckA,-1
rsfA,katX,1
rsfA,sigG,1
rsfA,sspE,1
rsfA,rsfA,-1
rsfA,spoIIR,-1
rsfA,gpr,1
mtrB,ycbK,-1
mtrB,lysS,-1
mtrB,sul,-1
mtrB,hisC,-1
mtrB,trpB,-1
mtrB,trpC,-1
mtrB,yazB,-1
mtrB,trpA,-1
mtrB,trpF,-1
mtrB,trpD,-1
mtrB,trpE,-1
mtrB,tyrA,-1
mtrB,pabC,-1
mtrB,aroE,-1
mtrB,pabA,-1
mtrB,folB,-1
mtrB,yhaG,-1
mtrB,dus1,-1
mtrB,folK,-1
mta,bltD,1
mta,bmrR,1
mta,mta,1
sigA,pstS,1
sigA,gntZ,1
sigA,pta,1
sigA,treA,1
sigA,yciC,1
sigA,yciB,1
sigA,speH,1
sigA,speE,1
sigA,speB,1
sigA,liaR,1
sigA,liaS,1
sigA,yveA,1
sigA,yazB,1
sigA,disA,1
sigA,thiE,1
sigA,ald,1
sigA,liaH,1
sigA,codY,1
sigA,tasA,1
sigA,yvyF,1
sigA,yvyG,1
sigA,ohrA,1
sigA,fur,1
sigA,yhcZ,1
sigA,ureC,1
sigA,liaF,1
sigA,hemN,1
sigA,hemL,1
sigA,hemB,1
sigA,hemC,1
sigA,hemA,1
sigA,hemD,1
sigA,hemZ,1
sigA,hemX,1
sigA,abrB,1
sigA,yocH,1
sigA,ytnM,1
sigA,ytnL,1
sigA,ytnI,1
sigA,addB,1
sigA,addA,1
sigA,nfrA1,1
sigA,sigA,1
sigA,ezrA,1
sigA,sigB,1
sigA,sigE,1
sigA,sigD,1
sigA,sigG,1
sigA,sigH,1
sigA,sul,1
sigA,sigM,1
sigA,cheY,1
sigA,cheD,1
sigA,cheB,1
sigA,menB,1
sigA,folC,1
sigA,folB,1
sigA,sigX,1
sigA,yacO,1
sigA,folK,1
sigA,med,1
sigA,cysI,1
sigA,uxuB,1
sigA,cysJ,1
sigA,dhbF,1
sigA,spoIIGA,1
sigA,dhbE,1
sigA,dhbB,1
sigA,dhbC,1
sigA,dhbA,1
sigA,rpoB,1
sigA,rpoE,1
sigA,cysS,1
sigA,gltX,1
sigA,skfE,1
sigA,gltR,1
sigA,sinR,1
sigA,skfF,1
sigA,tagD,1
sigA,tagF,1
sigA,drm,1
sigA,tagA,1
sigA,tagB,1
sigA,sinI,1
sigA,valS,1
sigA,gltC,1
sigA,gltB,1
sigA,cspB,1
sigA,antE,1
sigA,maeA,1
sigA,epsO,1
sigA,fbp,1
sigA,epsJ,1
sigA,epsH,1
sigA,epsI,1
sigA,epsF,1
sigA,epsG,1
sigA,epsE,1
sigA,epsC,1
sigA,skfH,1
sigA,perR,1
sigA,deoC,1
sigA,thrS,1
sigA,veg,1
sigA,comGC,1
sigA,comGB,1
sigA,comGA,1
sigA,comGG,1
sigA,comGF,1
sigA,comGE,1
sigA,comGD,1
sigA,yxeN,1
sigA,xerC,1
sigA,phoP,1
sigA,phoR,1
sigA,tuaB,1
sigA,tuaC,1
sigA,tuaA,1
sigA,tuaG,1
sigA,tuaD,1
sigA,tuaE,1
sigA,phoA,1
sigA,phoB,1
sigA,phoD,1
sigA,thiM,1
sigA,yveK,1
sigA,kdgA,1
sigA,yveL,1
sigA,clpE,1
sigA,des,1
sigA,purA,1
sigA,era,1
sigA,obg,1
sigA,ywkB,1
sigA,narH,1
sigA,mapB,1
sigA,purQ,1
sigA,recA,1
sigA,csbA,1
sigA,mnmA,1
sigA,purD,1
sigA,leuD,1
sigA,purC,1
sigA,purB,1
sigA,trxA,1
sigA,narI,1
sigA,purF,1
sigA,purE,1
sigA,narJ,1
sigA,purK,1
sigA,purH,1
sigA,ylaD,1
sigA,narG,1
sigA,purM,1
sigA,purL,1
sigA,ylaC,1
sigA,albA,1
sigA,albC,1
sigA,albB,1
sigA,albE,1
sigA,mrgA,1
sigA,albG,1
sigA,eno,1
sigA,pucG,1
sigA,rapH,1
sigA,rbsC,1
sigA,yqgI,1
sigA,plsX,1
sigA,rapC,1
sigA,rapB,1
sigA,rapA,1
sigA,rapG,1
sigA,rapD,1
sigA,secA,1
sigA,spoIIE,1
sigA,ilvH,1
sigA,srfAA,1
sigA,srfAC,1
sigA,srfAB,1
sigA,srfAD,1
sigA,ilvC,1
sigA,ilvB,1
sigA,narK,1
sigA,argC,1
sigA,groL,1
sigA,nrgA,1
sigA,nrgB,1
sigA,htpG,1
sigA,ispA,1
sigA,xynB,1
sigA,cggR,1
sigA,groS,1
sigA,engB,1
sigA,fadR,1
sigA,allB,1
sigA,ysdA,1
sigA,albD,1
sigA,fadB,1
sigA,fadA,1
sigA,fadF,1
sigA,ribBA,1
sigA,albF,1
sigA,opuE,1
sigA,ntdA,1
sigA,citR,1
sigA,ureB,1
sigA,rbsK,1
sigA,ylxG,1
sigA,ylxF,1
sigA,rbsA,1
sigA,pyrAB,1
sigA,pyrAA,1
sigA,ylxH,1
sigA,rbsD,1
sigA,ylxM,1
sigA,ywdA,1
sigA,ylxR,1
sigA,yhcY,1
sigA,mrnC,1
sigA,rsiX,1
sigA,ylxX,1
sigA,ytmI,1
sigA,mtnA,1
sigA,divIB,1
sigA,trpA,1
sigA,mtnB,1
sigA,mtnE,1
sigA,mtnD,1
sigA,ftsA,1
sigA,nadC,1
sigA,nadB,1
sigA,gudB,1
sigA,grpE,1
sigA,ftsH,1
sigA,glyA,1
sigA,mtnU,1
sigA,mtnW,1
sigA,nadR,1
sigA,glnT,1
sigA,ftsZ,1
sigA,yfmO,1
sigA,dapA,1
sigA,mdh,1
sigA,dapG,1
sigA,moxC,1
sigA,rplT,1
sigA,nupC,1
sigA,gapA,1
sigA,gapB,1
sigA,nrdE,1
sigA,nrdF,1
sigA,nrdI,1
sigA,rbfA,1
sigA,metC,1
sigA,guaD,1
sigA,metI,1
sigA,yqzE,1
sigA,sbp,1
sigA,prfB,1
sigA,pucA,1
sigA,degS,1
sigA,asd,1
sigA,nasD,1
sigA,sacA,1
sigA,degU,1
sigA,etfA,1
sigA,etfB,1
sigA,gutA,1
sigA,recF,1
sigA,ybbA,1
sigA,bmrR,1
sigA,pucI,1
sigA,carB,1
sigA,argB,1
sigA,carA,1
sigA,argF,1
sigA,cymR,1
sigA,citZ,1
sigA,folE2,1
sigA,arsR,1
sigA,htrA,1
sigA,yfmP,1
sigA,ykuP,1
sigA,pgk,1
sigA,ykuO,1
sigA,citM,1
sigA,ykuM,1
sigA,citA,1
sigA,citB,1
sigA,gntK,1
sigA,degQ,1
sigA,pucB,1
sigA,pucC,1
sigA,pucD,1
sigA,pucE,1
sigA,pucF,1
sigA,sacB,1
sigA,ppiB,1
sigA,pucJ,1
sigA,pucK,1
sigA,pucL,1
sigA,pucM,1
sigA,yceC,1
sigA,ahpC,1
sigA,sacP,1
sigA,yceE,1
sigA,yceD,1
sigA,gntR,1
sigA,yceH,1
sigA,sacY,1
sigA,sacX,1
sigA,yceF,1
sigA,tcyJ,1
sigA,tcyL,1
sigA,tcyM,1
sigA,tcyN,1
sigA,yqcK,1
sigA,ogt,1
sigA,pstB1,1
sigA,purS,1
sigA,malP,1
sigA,xylA,1
sigA,treP,1
sigA,xylB,1
sigA,gntP,1
sigA,cydC,1
sigA,misCA,1
sigA,tyrA,1
sigA,ydfK,1
sigA,dnaA,1
sigA,mccA,1
sigA,opuAC,1
sigA,dnaG,1
sigA,nifS,1
sigA,dnaJ,1
sigA,dnaN,1
sigA,lcfB,1
sigA,yjmD,1
sigA,yjmB,1
sigA,yjmC,1
sigA,tcyK,1
sigA,prs,1
sigA,prmA,1
sigA,sdhA,1
sigA,kinB,1
sigA,pdhB,1
sigA,sdhB,1
sigA,pdhD,1
sigA,aprE,1
sigA,dnaK,1
sigA,trpB,1
sigA,trpC,1
sigA,licB,1
sigA,licC,1
sigA,ypuE,1
sigA,trpD,1
sigA,pmi,1
sigA,licR,1
sigA,aprX,1
sigA,qcrB,1
sigA,gyrB,1
sigA,cheW,1
sigA,infC,1
sigA,gabT,1
sigA,gabR,1
sigA,gabP,1
sigA,infB,1
sigA,yacP,1
sigA,levB,1
sigA,gabD,1
sigA,mta,1
sigA,qcrC,1
sigA,argD,1
sigA,comFA,1
sigA,comFB,1
sigA,comFC,1
sigA,fliI,1
sigA,ctsR,1
sigA,yhaG,1
sigA,ybfM,1
sigA,cdd,1
sigA,tcyP,1
sigA,menH,1
sigA,menD,1
sigA,menE,1
sigA,menF,1
sigA,comEB,1
sigA,gltA,1
sigA,menC,1
sigA,clpY,1
sigA,clpX,1
sigA,treR,1
sigA,purT,1
sigA,ctaA,1
sigA,clpQ,1
sigA,clpP,1
sigA,ccdA,1
sigA,mtaB,1
sigA,jag,1
sigA,clpC,1
sigA,odhA,1
sigA,odhB,1
sigA,phrI,1
sigA,leuB,1
sigA,leuC,1
sigA,sboX,1
sigA,leuA,1
sigA,phrC,1
sigA,phrA,1
sigA,phrG,1
sigA,phrE,1
sigA,acuC,1
sigA,acuA,1
sigA,ntdB,1
sigA,ntdC,1
sigA,sboA,1
sigA,glvR,1
sigA,txpA,1
sigA,argJ,1
sigA,yrhC,1
sigA,glvA,1
sigA,fadG,1
sigA,yxeP,1
sigA,fadE,1
sigA,radA,1
sigA,cysL,1
sigA,ffh,1
sigA,dctA,1
sigA,flhB,1
sigA,opuAA,1
sigA,opuAB,1
sigA,flhA,1
sigA,flhF,1
sigA,aroE,1
sigA,ccdB,1
sigA,ydfJ,1
sigA,uxuA,1
sigA,fadH,1
sigA,cysK,1
sigA,epsM,1
sigA,comEA,1
sigA,comEC,1
sigA,ywbI,1
sigA,sspE,1
sigA,sipW,1
sigA,nasA,1
sigA,ccdC,1
sigA,arfM,1
sigA,sipS,1
sigA,yjbD,1
sigA,yxeK,1
sigA,yxeL,1
sigA,yxeM,1
sigA,lmrA,1
sigA,yxeO,1
sigA,ycbK,1
sigA,comZ,1
sigA,fnr,1
sigA,comQ,1
sigA,comS,1
sigA,glcP,1
sigA,hutP,1
sigA,pdp,1
sigA,hutM,1
sigA,wapA,1
sigA,comK,1
sigA,hutI,1
sigA,hutH,1
sigA,comA,1
sigA,hutG,1
sigA,guaA,1
sigA,lytE,1
sigA,glmU,1
sigA,lytA,1
sigA,purN,1
sigA,lytC,1
sigA,lytB,1
sigA,ggaB,1
sigA,abf2,1
sigA,iolT,1
sigA,ctc,1
sigA,pbpD,1
sigA,iolR,1
sigA,iolS,1
sigA,lmrB,1
sigA,iolD,1
sigA,iolF,1
sigA,iolG,1
sigA,iolA,1
sigA,iolB,1
sigA,iolC,1
sigA,yaaB,1
sigA,iolH,1
sigA,iolI,1
sigA,iolJ,1
sigA,tagE,1
sigA,nadA,1
sigA,arsC,1
sigA,comX,1
sigA,hmp,1
sigA,fapR,1
sigA,alsS,1
sigA,rpmI,1
sigA,rpmH,1
sigA,fliZ,1
sigA,acuB,1
sigA,lctP,1
sigA,znuC,1
sigA,znuB,1
sigA,znuA,1
sigA,yuxK,1
sigA,abfA,1
sigA,yuxO,1
sigA,nusA,1
sigA,hutU,1
sigA,bltD,1
sigA,iolE,1
sigA,yhdL,1
sigA,epsD,1
sigA,lepA,1
sigA,fabHA,1
sigA,hupA,1
sigA,ykoL,1
sigA,yqgH,1
sigA,rtpA,1
sigA,fabD,1
sigA,fabG,1
sigA,fabF,1
sigA,pdhA,1
sigA,mcsA,1
sigA,fabL,1
sigA,mcsB,1
sigA,dus1,1
sigA,pdhC,1
sigA,glnA,1
sigA,gpmI,1
sigA,ureA,1
sigA,opuBA,1
sigA,hrcA,1
sigA,ansA,1
sigA,kinC,1
sigA,glnR,1
sigA,yrrT,1
sigA,cysE,1
sigA,nadE,1
sigA,licH,1
sigA,sdpR,1
sigA,ackA,1
sigA,arsB,1
sigA,rpsD,1
sigA,mecA,1
sigA,pssA,1
sigA,ydhF,1
sigA,kdgR,1
sigA,maeN,1
sigA,qcrA,1
sigA,rocR,1
sigA,wapI,1
sigA,sdpI,1
sigA,rsbRA,1
sigA,comC,1
sigA,ssuD,1
sigA,ssuA,1
sigA,ssuC,1
sigA,ssuB,1
sigA,acdA,1
sigA,yflN,1
sigA,yflH,1
sigA,swrB,1
sigA,flgC,1
sigA,flgB,1
sigA,flgG,1
sigA,licA,1
sigA,flgK,1
sigA,uxaA,1
sigA,uxaB,1
sigA,uxaC,1
sigA,flgL,1
sigA,ggaA,1
sigA,epsN,1
sigA,trpF,1
sigA,ldh,1
sigA,epsL,1
sigA,glsA1,1
sigA,iscS1,1
sigA,gutB,1
sigA,trpE,1
sigA,alsD,1
sigA,cssS,1
sigA,cssR,1
sigA,rbsR,1
sigA,galE,1
sigA,fumC,1
sigA,alkA,1
sigA,resB,1
sigA,resC,1
sigA,mtnK,1
sigA,resA,1
sigA,resD,1
sigA,resE,1
sigA,cheC,1
sigA,mtnX,1
sigA,opuBC,1
sigA,opuBB,1
sigA,opuBD,1
sigA,ptsI,1
sigA,ptsH,1
sigA,araQ,1
sigA,ptsG,1
sigA,araR,1
sigA,yuxH,1
sigA,araP,1
sigA,spoIIIE,1
sigA,dppA,1
sigA,dppB,1
sigA,dppD,1
sigA,dppE,1
sigA,araB,1
sigA,araE,1
sigA,amyE,1
sigA,fadN,1
sigA,cheA,1
sigA,araL,1
sigA,pstB2,1
sigA,dppC,1
sigA,ynaJ,1
sigA,kdgK,1
sigA,liaG,1
sigA,yvfB,1
sigA,mtnN,1
sigA,psd,1
sigA,gyrA,1
sigA,yxeQ,1
sigA,araA,1
sigA,pbpF,1
sigA,tyrS1,1
sigA,cydA,1
sigA,cydB,1
sigA,lytR,1
sigA,cydD,1
sigA,yaaA,1
sigA,bglH,1
sigA,liaI,1
sigA,egsA,1
sigA,araD,1
sigA,bglC,1
sigA,ribR,1
sigA,ribT,1
sigA,yvfA,1
sigA,ribH,1
sigA,xynA,1
sigA,skfG,1
sigA,ykuN,1
sigA,skfA,1
sigA,skfB,1
sigA,skfC,1
sigA,bglP,1
sigA,bglS,1
sigA,ribE,1
sigA,ribD,1
sigA,kdgT,1
sigA,araN,1
sigA,pheS,1
sigA,fliH,1
sigA,pheT,1
sigA,pyrK,1
sigA,ytmO,1
sigA,abnA,1
sigA,flgM,1
sigA,nasE,1
sigA,hisC,1
sigA,pabC,1
sigA,pabB,1
sigA,pabA,1
sigA,pyrF,1
sigA,yceG,1
sigA,amhX,1
sigA,adaB,1
sigA,ymaB,1
sigA,yqxD,1
sigA,tetB,1
sigA,yxiE,1
sigA,acsA,1
sigA,yqxM,1
sigA,lysS,1
sigA,kapB,1
sigA,sdhC,1
sigA,xpt,1
sigA,fliY,1
sigA,yhdK,1
sigA,fliQ,1
sigA,fliP,1
sigA,fliR,1
sigA,fliM,1
sigA,fliL,1
sigA,pckA,1
sigA,sda,1
sigA,fliK,1
sigA,fliJ,1
sigA,fliE,1
sigA,spo0E,1
sigA,fliG,1
sigA,fliF,1
sigA,rbsB,1
sigA,ywcH,1
sigA,ywcJ,1
sigA,rsbS,1
sigA,rsbW,1
sigA,rsbV,1
sigA,rsbU,1
sigA,rsbT,1
sigA,lon1,1
sigA,azr,1
sigA,rsbX,1
sigA,exuT,1
sigA,ahpF,1
sigA,ygaN,1
sigA,exuR,1
sigA,ytrA,1
sigA,lrpC,1
sigA,ytrC,1
sigA,ytrB,1
sigA,ytrE,1
sigA,tuaH,1
sigA,ytrF,1
sigA,punA,1
sigA,ylxP,1
sigA,ylxW,1
sigA,glpF,1
sigA,pbuX,1
sigA,feuA,1
sigA,ytrD,1
sigA,icd,1
sigA,gtaB,1
sigA,tuaF,1
sigA,lysC,1
sigA,pyrR,1
sigA,pyrP,1
sigA,nasB,1
sigA,nasC,1
sigA,nasF,1
sigA,tetL,1
sigA,feuB,1
sigA,feuC,1
sigA,pyrG,1
sigA,adaA,1
sigA,pyrE,1
sigA,pyrD,1
sigA,pyrC,1
sigA,pyrB,1
sigA,spo0A,1
sigA,glpT,1
sigA,ytkD,1
sigA,spo0B,1
sigA,glpQ,1
sigA,rsmE,1
sigA,spo0F,1
sigA,zosA,1
sigA,mccB,1
sigA,glpD,1
sigA,rplGA,1
sigA,ansZ,1
sigA,ansB,1
sigA,glpK,1
sigB,dnaG,1
sigB,yjbD,1
sigB,relA,1
sigB,yqxD,1
sigB,dtd,1
sigB,sigA,1
sigE,yjbE,1
sigE,flhP,1
sigE,flhO,1
sigE,sigK,1
sigE,yloB,1
sigG,nfo,1
sigG,yqfU,1
sigG,ykvV,1
sigK,sspG,1
sigK,yndL,1
sigK,cotV,1
sigK,cotW,1
sigK,cotT,1
sigK,cotS,1
sigK,yjcB,1
sigK,cgeA,1
sigK,cgeC,1
sigK,cgeB,1
sigK,cgeE,1
sigK,cgeD,1
sigK,cotX,1
sigK,cotY,1
sigK,cotF,1
sigK,cotG,1
sigK,cotD,1
sigK,cotE,1
sigK,cotB,1
sigK,cotA,1
sigK,cotM,1
sigK,ftsY,1
sigK,dapA,1
sigK,dapG,1
sigK,cotZ,1
sigK,ydgB,1
sigK,ydgA,1
sigK,gerE,1
sigK,spoVK,1
sigK,sigK,1
sigK,cwlC,1
sigK,cotC,1
sigK,cotSA,1
sigK,yurS,1
sigK,cotH,1
sigK,yabG,1
sigK,asd,1
sigK,gerT,1
sigK,dpaB,1
sigK,dpaA,1
sigK,ykuD,1
sigK,ytxO,1
sigK,yjcZ,1
sigK,cotP,1
sigK,csk22,1
sigK,cwlH,1
sigK,ykvP,1
sigK,ykvQ,1
sigW,yjbD,1
sigW,abh,1
sigX,yjbD,1
sigX,yqjL,1
yodB,yjbD,-1
cysL,cysL,-1
perR,perR,-1
perR,yjbD,-1
perR,mrgA,-1
perR,ahpF,-1
perR,ahpC,-1
perR,katA,-1
perR,zosA,-1
perR,srfAA,1
perR,srfAC,1
perR,srfAB,1
perR,srfAD,1
perR,fur,-1
perR,hemL,-1
perR,hemB,-1
perR,hemC,-1
perR,comS,1
perR,hemA,-1
perR,hemD,-1
perR,hemX,-1
purR,pyrAB,-1
purR,pyrAA,-1
purR,pyrR,-1
purR,pyrP,-1
purR,pyrK,-1
purR,pyrF,-1
purR,pyrE,-1
purR,pyrD,-1
purR,pyrC,-1
purR,pyrB,-1
rocR,rocR,-1
rocR,rocG,1
rocR,rocA,1
rocR,rocB,1
rocR,rocC,1
lexA,xkdA,-1
lexA,recA,-1
lexA,yerH,-1
lexA,ydiO,-1
lexA,ydiP,-1
lexA,dinB2,-1
lexA,ruvA,-1
lexA,pcrA,-1
lexA,ruvB,-1
lexA,uvrC,-1
lexA,uvrB,-1
lexA,uvrA,-1
lexA,yneA,-1
lexA,ybaK,-1
lexA,dinB,-1
lexA,yhjD,-1
lexA,dnaE,-1
lexA,aprX,-1
lexA,tagC,-1
lexA,cwlD,-1
lexA,ynzC,-1
lexA,ligA,-1
lexA,parE,-1
lexA,yhaM,-1
lexA,parC,-1
lexA,yhaZ,-1
lexA,yqjX,-1
lexA,yhaN,-1
lexA,yhaO,-1
lexA,yneB,-1
lexA,lexA,-1
argR,rocD,1
argR,rocE,1
argR,rocF,1
argR,rocA,1
argR,rocB,1
argR,rocC,1
argR,carA,-1
argR,argJ,-1
argR,carB,-1
argR,argB,-1
argR,argC,-1
argR,argD,-1
argR,argF,-1
htrA,htrA,-1
ykuM,citZ,-1
ykuM,mdh,-1
ykuM,icd,-1
ykuM,ykuM,-1
ykuM,citB,-1
degU,sipS,1
degU,nprE,1
degU,bglS,1
degU,ispA,1
degU,amyE,1
tenA,aprE,1
tenA,sacB,1
tenA,phoA,1
tenA,yveA,1
tenA,nprE,1
tenA,levB,1
licR,licH,1
licR,licA,1
licR,licB,1
licR,licC,1
licT,bglP,1
licT,bglS,1
licT,yxiE,1
licT,bglH,1
salA,hpr,-1
paiB,nprE,-1
paiA,nprE,-1
spoVT,gerD,1
spoVT,dacF,-1
spoVT,sigG,-1
spoVT,sigF,-1
spoVT,gerBA,-1
spoVT,gerBC,-1
spoVT,gerBB,-1
spoVT,spoIIAB,-1
spoVT,spoIIAA,-1
spoVT,spoVT,-1
spoVT,bofC,-1
arfM,rsmE,1
arfM,ldh,1
arfM,mtaB,1
arfM,prmA,1
arfM,hrcA,1
arfM,arfM,-1
arfM,hmp,1
arfM,nasF,1
arfM,nasD,1
arfM,lctP,1
arfM,hemN,1
arfM,grpE,1
arfM,nasE,1
arfM,dnaK,1
arfM,dnaJ,1
comZ,comGC,-1
comZ,comGB,-1
comZ,comGA,-1
comZ,comGG,-1
comZ,comGF,-1
comZ,comGE,-1
comZ,comGD,-1
comZ,yqzE,-1
glcT,ptsI,1
glcT,ptsH,1
glcT,ptsG,1
comK,mnmG,1
comK,mnmE,1
comK,rsmG,1
comK,rpsF,1
comK,yneB,1
comK,rok,-1
comK,ysxA,1
comK,addA,1
comK,flgL,1
comK,yisB,1
comK,yhjB,1
comK,yqzE,1
comK,ybdK,1
comK,nucA,1
comK,degR,-1
comK,comGA,1
comK,comEA,1
comK,comGF,1
comK,comEC,1
comK,comEB,1
comK,sbcC,1
comK,comGG,1
comK,comGE,1
comK,sbcD,1
comK,addB,1
comK,yneA,1
comK,nin,1
comK,kinC,1
comK,yvyF,1
comK,yvyG,1
comK,comFC,1
comK,rapH,1
comK,noc,1
comK,comGD,1
comK,rpsR,1
comK,ynzC,1
comK,comGC,1
comK,comC,1
comK,yvrO,1
comK,yvrN,1
comK,comK,1
comK,recA,1
comK,ychF,1
comK,glcR,1
comK,yhcG,1
comK,yhcH,1
comK,yhcI,1
comK,comFA,1
comK,comFB,1
comK,comGB,1
comK,flgK,1
comK,yvrP,1
comK,yhcF,1
comK,flgM,1
comK,yhcE,1
lytR,lytB,-1
lytR,lytA,-1
lytR,lytC,-1
lytR,lytR,-1
resD,ldh,1
resD,phoP,1
resD,phoR,1
resD,lctP,1
ansR,ansR,-1
ansR,ansA,-1
ansR,ansB,-1
yqfL,ccpN,-1
yqfL,yqfL,-1
liaR,liaR,1
ohrR,ohrA,-1
ylbO,spoIIIAD,-1
ylbO,spoIIIAF,-1
ylbO,spoIIIAG,-1
ylbO,yqxA,-1
ylbO,yqhV,-1
ylbO,spoIIM,-1
ylbO,spoIIP,-1
ylbO,spoIIIAH,-1
ylbO,cgeA,1
ylbO,spoIIIAA,-1
ylbO,spoIIIAB,-1
ylbO,spoIIIAC,-1
ylbO,cotZ,1
ylbO,spoIIIAE,-1
ylbO,cotY,1
lrpB,glyA,-1
lrpC,lrpC,-1
lrpA,glyA,-1
malR,maeA,1
malR,maeN,1
malR,yflS,1
malR,ywkB,1
sacT,sacB,1
sacT,yveA,1
sacT,levB,1
sacT,sacY,1
sacT,sacX,1
gntR,gntK,-1
gntR,gntZ,-1
gntR,gntR,-1
gntR,gntP,-1
gabR,gabT,1
gabR,gabR,-1
gabR,gabD,1
rho,hisC,-1
rho,trpB,-1
rho,trpC,-1
rho,trpA,-1
rho,trpF,-1
rho,trpD,-1
rho,trpE,-1
rho,tyrA,-1
rho,aroE,-1
ytlI,tcyL,1
ytlI,tcyM,1
ytlI,tcyN,1
ytlI,moxC,1
ytlI,ribR,1
ytlI,ytmI,1
ytlI,ytnM,1
ytlI,ytnL,1
ytlI,ytnI,1
ytlI,ytmO,1
fapR,fabD,-1
fapR,fabG,-1
fapR,fabF,-1
fapR,fabI,-1
fapR,plsX,-1
fapR,fabHB,-1
fapR,fapR,-1
fapR,plsC,-1
fapR,fabHA,-1
yjbD,ygaN,-1
yjbD,moxC,-1
yjbD,ytnM,-1
yjbD,ytnL,-1
yjbD,ytnI,-1
yjbD,ylaC,1
yjbD,ylaD,1
yjbD,ytlI,-1
yjbD,ytmI,-1
yjbD,yxeP,-1
yjbD,yxeQ,-1
yjbD,tcyJ,-1
yjbD,tcyK,-1
yjbD,tcyL,-1
yjbD,tcyM,-1
yjbD,tcyN,-1
yjbD,ribR,-1
yjbD,ytmO,-1
yjbD,yxeL,-1
yjbD,yxeM,-1
yjbD,yxeN,-1
yjbD,yxeO,-1
yjbD,ssuD,-1
yjbD,ssuA,-1
yjbD,ssuC,-1
yjbD,ssuB,-1
ipi,ispA,1
pyrR,pyrAB,-1
pyrR,pyrAA,-1
pyrR,pyrR,-1
pyrR,pyrP,-1
pyrR,pyrK,-1
pyrR,pyrF,-1
pyrR,pyrE,-1
pyrR,pyrD,-1
pyrR,pyrC,-1
pyrR,pyrB,-1
spo0A,era,1
glpP,glpD,1
glpP,glpF,1
glpP,glpK,1
senS,senS,1
sinR,yvfB,-1
sinR,yvfA,-1
gerE,sspG,1
gerE,cotV,1
gerE,cotW,1
gerE,cotP,-1
gerE,cotX,1
gerE,cotY,1
gerE,cotB,1
gerE,cotC,1
gerE,cotA,-1
gerE,cotM,-1
gerE,yjcZ,1
gerE,gerPF,-1
gerE,gerPE,-1
gerE,gerPD,-1
gerE,gerPC,-1
gerE,gerPB,-1
gerE,gerPA,-1
gerE,cotZ,1
gerE,ydgB,-1
gerE,ydgA,-1
gerE,cotG,1
gerE,sigK,-1
gerE,yurS,1
gerE,ftsY,1
gerE,gerT,-1
gerE,spoVIF,1
gerE,cotH,-1
gerE,cwlH,1
phoP,pstS,1
phoP,ykoL,1
phoP,tuaE,1
phoP,skfG,1
phoP,skfH,1
phoP,yfkN,1
phoP,pstB2,1
phoP,yjdB,1
phoP,yqgI,1
phoP,yqgH,1
phoP,resB,1
phoP,resC,1
phoP,phoP,1
phoP,tuaH,1
phoP,phoR,1
phoP,tuaB,1
phoP,vpr,1
phoP,tuaC,1
phoP,tuaA,1
phoP,tuaF,1
phoP,tuaD,1
phoP,tuaG,1
phoP,phoA,1
phoP,skfE,1
phoP,skfF,1
phoP,phoD,1
phoP,skfB,1
phoP,skfC,1
phoP,yhbH,1
phoP,resA,1
phoP,glpQ,1
phoP,pstB1,1
phoP,bsn,1
phoP,yttP,1
phoP,tagD,-1
phoP,tagE,-1
phoP,tagF,-1
phoP,tagA,-1
phoP,tagB,-1
phoP,skfA,1
rplT,rpmI,-1
rplT,ysdA,-1
rplT,rplT,-1
rplT,infC,-1
sacY,sacB,1
sacY,yveA,1
sacY,levB,1
sacY,sacY,1
sacY,sacX,1
dnaA,dnaN,-1
dnaA,sda,-1
dnaA,dnaA,-1
hutP,hutU,1
hutP,hutM,1
hutP,hutI,1
hutP,hutH,1
hutP,hutG,1
azlB,azlB,-1
azlB,yrdK,-1
azlB,azlC,-1
azlB,brnQ,-1
azlB,azlD,-1
arsR,arsB,-1
arsR,arsC,-1
arsR,yqcK,-1
arsR,arsR,-1
gutR,gutA,1
gutR,gutB,1
spoIIID,bofA,-1
spoIIID,murG,-1
spoIIID,spoIIIAH,-1
spoIIID,ylxX,-1
spoIIID,divIB,-1
spoIIID,cotX,-1
spoIIID,cotD,-1
spoIIID,cotC,-1
spoIIID,spoVM,1
spoIIID,cotA,-1
spoIIID,spoVE,-1
spoIIID,spoVD,-1
spoIIID,murB,-1
spoIIID,sbp,-1
spoIIID,yesK,1
spoIIID,yesJ,1
spoIIID,gerE,1
spoIIID,cotJA,1
spoIIID,cotJC,1
spoIIID,cotJB,1
spoIIID,cisA,1
spoIIID,spoIIIAA,-1
spoIIID,spoIIIAB,-1
spoIIID,spoIIIAC,-1
spoIIID,spoIIIAD,-1
spoIIID,spoIIIAE,-1
spoIIID,spoIIIAF,-1
spoIIID,spoIIIAG,-1
spoIIID,spoIID,-1
spoIIID,ylxW,-1
spoIIID,sigK,1
yfhP,yfhQ,-1
yfhP,fabL,-1
yfhP,sspE,-1
yfhP,yfhP,-1
hpr,appA,-1
hpr,ispA,-1
